Workbook

Sheet Dashboard
A1: Laboratory of Applied Nanomaterial - Management Dashboard
A3: Chemical Inventory | B3: Value | D3: Instrument Management | E3: Value | G3: Booking | H3: Value
A4: Total Chemicals | B4: =COUNTA('Chemical Inventory'!A3:A202) -> 0 | D4: Total Instruments | E4: =COUNTA('Instrument Inventory'!A3:A202) -> 0 | G4: Bookings Today | H4: =COUNTIF('Lab Booking'!B3:B202,TODAY()) -> 0
A5: Low Stock | B5: =COUNTIF('Chemical Inventory'!O3:O202,"LOW STOCK") -> 0 | D5: Operational | E5: =COUNTIF('Instrument Inventory'!J3:J202,"Operational") -> 0 | G5: Approved Today | H5: =COUNTIFS('Lab Booking'!B3:B202,TODAY(),'Lab Booking'!J3:J202,"Approved") -> 0
A6: Out of Stock | B6: =COUNTIF('Chemical Inventory'!O3:O202,"OUT OF STOCK") -> 0 | D6: Under Maintenance | E6: =COUNTIF('Instrument Inventory'!J3:J202,"Under Maintenance") -> 0 | G6: Conflicts | H6: =COUNTIF('Lab Booking'!K3:K202,"CONFLICT") -> 0
A7: Expired | B7: =COUNTIF('Chemical Inventory'!P3:P202,"EXPIRED") -> 0 | D7: Out of Service | E7: =COUNTIF('Instrument Inventory'!J3:J202,"Out of Service") -> 0 | G7: Pending Approval | H7: =COUNTIF('Lab Booking'!J3:J202,"Requested") -> 0
A8: Expiring <=30 Days | B8: =COUNTIF('Chemical Inventory'!P3:P202,"EXPIRING <=30 DAYS") -> 0 | D8: Calibration Overdue | E8: =COUNTIFS('Instrument Inventory'!N3:N202,"<>",'Instrument Inventory'!O3:O202,"<"&TODAY()) -> 0
A11: Chemical Status | B11: Count | C11: Instrument Status | D11: Count
A12: OK | B12: =COUNTIF('Chemical Inventory'!O3:O202,A12) -> 0 | C12: Operational | D12: =COUNTIF('Instrument Inventory'!J3:J202,C12) -> 0
A13: LOW STOCK | B13: =COUNTIF('Chemical Inventory'!O3:O202,A13) -> 0 | C13: Under Maintenance | D13: =COUNTIF('Instrument Inventory'!J3:J202,C13) -> 0
A14: OUT OF STOCK | B14: =COUNTIF('Chemical Inventory'!O3:O202,A14) -> 0 | C14: Out of Service | D14: =COUNTIF('Instrument Inventory'!J3:J202,C14) -> 0
C15: Calibration Due | D15: =COUNTIF('Instrument Inventory'!J3:J202,C15) -> 0
A18: How to use this workbook
A19: 1. Enter chemicals and instruments in their inventory sheets. Use the dropdowns provided.
A20: 2. Record chemical movements, maintenance/calibration activities, and bookings. Dashboard indicators update automatically in Excel.

Sheet Chemical Inventory
A1: Chemical Inventory Management
A2: Chemical ID | B2: Chemical Name | C2: CAS No. | D2: Grade / Purity | E2: Supplier | F2: Storage Location | G2: Hazard Class | H2: Unit | I2: Initial Qty | J2: Current Qty | K2: Minimum Stock | L2: Received Date | M2: Expiry Date | N2: Days to Expiry | O2: Stock Status | P2: Expiry Status | Q2: SDS Available | R2: Responsible Person | S2: Last Updated | T2: Notes
J3: =IF(A3="","",I3+SUMIFS('Chemical Usage Log'!$F$3:$F$202,'Chemical Usage Log'!$C$3:$C$202,A3,'Chemical Usage Log'!$E$3:$E$202,"Received")-SUMIFS('Chemical Usage Log'!$F$3:$F$202,'Chemical Usage Log'!$C$3:$C$202,A3,'Chemical Usage Log'!$E$3:$E$202,"Used")-SUMIFS('Chemical Usage Log'!$F$3:$F$202,'Chemical Usage Log'!$C$3:$C$202,A3,'Chemical Usage Log'!$E$3:$E$202,"Disposed")+SUMIFS('Chemical Usage Log'!$F$3:$F$202,'Chemical Usage Log'!$C$3:$C$202,A3,'Chemical Usage Log'!$E$3:$E$202,"Adjusted")) | N3: =IF(M3="","",M3-TODAY()) | O3: =IF(J3="","",IF(J3<=0,"OUT OF STOCK",IF(J3<=K3,"LOW STOCK","OK"))) | P3: =IF(A3="","",IF(M3="","NO EXPIRY DATE",IF(M3<TODAY(),"EXPIRED",IF(M3-TODAY()<=30,"EXPIRING <=30 DAYS",IF(M3-TODAY()<=90,"EXPIRING <=90 DAYS","OK")))))
J4: =IF(A4="","",I4+SUMIFS('Chemical Usage Log'!$F$3:$F$202,'Chemical Usage Log'!$C$3:$C$202,A4,'Chemical Usage Log'!$E$3:$E$202,"Received")-SUMIFS('Chemical Usage Log'!$F$3:$F$202,'Chemical Usage Log'!$C$3:$C$202,A4,'Chemical Usage Log'!$E$3:$E$202,"Used")-SUMIFS('Chemical Usage Log'!$F$3:$F$202,'Chemical Usage Log'!$C$3:$C$202,A4,'Chemical Usage Log'!$E$3:$E$202,"Disposed")+SUMIFS('Chemical Usage Log'!$F$3:$F$202,'Chemical Usage Log'!$C$3:$C$202,A4,'Chemical Usage Log'!$E$3:$E$202,"Adjusted")) | N4: =IF(M4="","",M4-TODAY()) | O4: =IF(J4="","",IF(J4<=0,"OUT OF STOCK",IF(J4<=K4,"LOW STOCK","OK"))) | P4: =IF(A4="","",IF(M4="","NO EXPIRY DATE",IF(M4<TODAY(),"EXPIRED",IF(M4-TODAY()<=30,"EXPIRING <=30 DAYS",IF(M4-TODAY()<=90,"EXPIRING <=90 DAYS","OK")))))
J5: =IF(A5="","",I5+SUMIFS('Chemical Usage Log'!$F$3:$F$202,'Chemical Usage Log'!$C$3:$C$202,A5,'Chemical Usage Log'!$E$3:$E$202,"Received")-SUMIFS('Chemical Usage Log'!$F$3:$F$202,'Chemical Usage Log'!$C$3:$C$202,A5,'Chemical Usage Log'!$E$3:$E$202,"Used")-SUMIFS('Chemical Usage Log'!$F$3:$F$202,'Chemical Usage Log'!$C$3:$C$202,A5,'Chemical Usage Log'!$E$3:$E$202,"Disposed")+SUMIFS('Chemical Usage Log'!$F$3:$F$202,'Chemical Usage Log'!$C$3:$C$202,A5,'Chemical Usage Log'!$E$3:$E$202,"Adjusted")) | N5: =IF(M5="","",M5-TODAY()) | O5: =IF(J5="","",IF(J5<=0,"OUT OF STOCK",IF(J5<=K5,"LOW STOCK","OK"))) | P5: =IF(A5="","",IF(M5="","NO EXPIRY DATE",IF(M5<TODAY(),"EXPIRED",IF(M5-TODAY()<=30,"EXPIRING <=30 DAYS",IF(M5-TODAY()<=90,"EXPIRING <=90 DAYS","OK")))))
J6: =IF(A6="","",I6+SUMIFS('Chemical Usage Log'!$F$3:$F$202,'Chemical Usage Log'!$C$3:$C$202,A6,'Chemical Usage Log'!$E$3:$E$202,"Received")-SUMIFS('Chemical Usage Log'!$F$3:$F$202,'Chemical Usage Log'!$C$3:$C$202,A6,'Chemical Usage Log'!$E$3:$E$202,"Used")-SUMIFS('Chemical Usage Log'!$F$3:$F$202,'Chemical Usage Log'!$C$3:$C$202,A6,'Chemical Usage Log'!$E$3:$E$202,"Disposed")+SUMIFS('Chemical Usage Log'!$F$3:$F$202,'Chemical Usage Log'!$C$3:$C$202,A6,'Chemical Usage Log'!$E$3:$E$202,"Adjusted")) | N6: =IF(M6="","",M6-TODAY()) | O6: =IF(J6="","",IF(J6<=0,"OUT OF STOCK",IF(J6<=K6,"LOW STOCK","OK"))) | P6: =IF(A6="","",IF(M6="","NO EXPIRY DATE",IF(M6<TODAY(),"EXPIRED",IF(M6-TODAY()<=30,"EXPIRING <=30 DAYS",IF(M6-TODAY()<=90,"EXPIRING <=90 DAYS","OK")))))
J7: =IF(A7="","",I7+SUMIFS('Chemical Usage Log'!$F$3:$F$202,'Chemical Usage Log'!$C$3:$C$202,A7,'Chemical Usage Log'!$E$3:$E$202,"Received")-SUMIFS('Chemical Usage Log'!$F$3:$F$202,'Chemical Usage Log'!$C$3:$C$202,A7,'Chemical Usage Log'!$E$3:$E$202,"Used")-SUMIFS('Chemical Usage Log'!$F$3:$F$202,'Chemical Usage Log'!$C$3:$C$202,A7,'Chemical Usage Log'!$E$3:$E$202,"Disposed")+SUMIFS('Chemical Usage Log'!$F$3:$F$202,'Chemical Usage Log'!$C$3:$C$202,A7,'Chemical Usage Log'!$E$3:$E$202,"Adjusted")) | N7: =IF(M7="","",M7-TODAY()) | O7: =IF(J7="","",IF(J7<=0,"OUT OF STOCK",IF(J7<=K7,"LOW STOCK","OK"))) | P7: =IF(A7="","",IF(M7="","NO EXPIRY DATE",IF(M7<TODAY(),"EXPIRED",IF(M7-TODAY()<=30,"EXPIRING <=30 DAYS",IF(M7-TODAY()<=90,"EXPIRING <=90 DAYS","OK")))))
J8: =IF(A8="","",I8+SUMIFS('Chemical Usage Log'!$F$3:$F$202,'Chemical Usage Log'!$C$3:$C$202,A8,'Chemical Usage Log'!$E$3:$E$202,"Received")-SUMIFS('Chemical Usage Log'!$F$3:$F$202,'Chemical Usage Log'!$C$3:$C$202,A8,'Chemical Usage Log'!$E$3:$E$202,"Used")-SUMIFS('Chemical Usage Log'!$F$3:$F$202,'Chemical Usage Log'!$C$3:$C$202,A8,'Chemical Usage Log'!$E$3:$E$202,"Disposed")+SUMIFS('Chemical Usage Log'!$F$3:$F$202,'Chemical Usage Log'!$C$3:$C$202,A8,'Chemical Usage Log'!$E$3:$E$202,"Adjusted")) | N8: =IF(M8="","",M8-TODAY()) | O8: =IF(J8="","",IF(J8<=0,"OUT OF STOCK",IF(J8<=K8,"LOW STOCK","OK"))) | P8: =IF(A8="","",IF(M8="","NO EXPIRY DATE",IF(M8<TODAY(),"EXPIRED",IF(M8-TODAY()<=30,"EXPIRING <=30 DAYS",IF(M8-TODAY()<=90,"EXPIRING <=90 DAYS","OK")))))
J9: =IF(A9="","",I9+SUMIFS('Chemical Usage Log'!$F$3:$F$202,'Chemical Usage Log'!$C$3:$C$202,A9,'Chemical Usage Log'!$E$3:$E$202,"Received")-SUMIFS('Chemical Usage Log'!$F$3:$F$202,'Chemical Usage Log'!$C$3:$C$202,A9,'Chemical Usage Log'!$E$3:$E$202,"Used")-SUMIFS('Chemical Usage Log'!$F$3:$F$202,'Chemical Usage Log'!$C$3:$C$202,A9,'Chemical Usage Log'!$E$3:$E$202,"Disposed")+SUMIFS('Chemical Usage Log'!$F$3:$F$202,'Chemical Usage Log'!$C$3:$C$202,A9,'Chemical Usage Log'!$E$3:$E$202,"Adjusted")) | N9: =IF(M9="","",M9-TODAY()) | O9: =IF(J9="","",IF(J9<=0,"OUT OF STOCK",IF(J9<=K9,"LOW STOCK","OK"))) | P9: =IF(A9="","",IF(M9="","NO EXPIRY DATE",IF(M9<TODAY(),"EXPIRED",IF(M9-TODAY()<=30,"EXPIRING <=30 DAYS",IF(M9-TODAY()<=90,"EXPIRING <=90 DAYS","OK")))))
J10: =IF(A10="","",I10+SUMIFS('Chemical Usage Log'!$F$3:$F$202,'Chemical Usage Log'!$C$3:$C$202,A10,'Chemical Usage Log'!$E$3:$E$202,"Received")-SUMIFS('Chemical Usage Log'!$F$3:$F$202,'Chemical Usage Log'!$C$3:$C$202,A10,'Chemical Usage Log'!$E$3:$E$202,"Used")-SUMIFS('Chemical Usage Log'!$F$3:$F$202,'Chemical Usage Log'!$C$3:$C$202,A10,'Chemical Usage Log'!$E$3:$E$202,"Disposed")+SUMIFS('Chemical Usage Log'!$F$3:$F$202,'Chemical Usage Log'!$C$3:$C$202,A10,'Chemical Usage Log'!$E$3:$E$202,"Adjusted")) | N10: =IF(M10="","",M10-TODAY()) | O10: =IF(J10="","",IF(J10<=0,"OUT OF STOCK",IF(J10<=K10,"LOW STOCK","OK"))) | P10: =IF(A10="","",IF(M10="","NO EXPIRY DATE",IF(M10<TODAY(),"EXPIRED",IF(M10-TODAY()<=30,"EXPIRING <=30 DAYS",IF(M10-TODAY()<=90,"EXPIRING <=90 DAYS","OK")))))
J11: =IF(A11="","",I11+SUMIFS('Chemical Usage Log'!$F$3:$F$202,'Chemical Usage Log'!$C$3:$C$202,A11,'Chemical Usage Log'!$E$3:$E$202,"Received")-SUMIFS('Chemical Usage Log'!$F$3:$F$202,'Chemical Usage Log'!$C$3:$C$202,A11,'Chemical Usage Log'!$E$3:$E$202,"Used")-SUMIFS('Chemical Usage Log'!$F$3:$F$202,'Chemical Usage Log'!$C$3:$C$202,A11,'Chemical Usage Log'!$E$3:$E$202,"Disposed")+SUMIFS('Chemical Usage Log'!$F$3:$F$202,'Chemical Usage Log'!$C$3:$C$202,A11,'Chemical Usage Log'!$E$3:$E$202,"Adjusted")) | N11: =IF(M11="","",M11-TODAY()) | O11: =IF(J11="","",IF(J11<=0,"OUT OF STOCK",IF(J11<=K11,"LOW STOCK","OK"))) | P11: =IF(A11="","",IF(M11="","NO EXPIRY DATE",IF(M11<TODAY(),"EXPIRED",IF(M11-TODAY()<=30,"EXPIRING <=30 DAYS",IF(M11-TODAY()<=90,"EXPIRING <=90 DAYS","OK")))))
J12: =IF(A12="","",I12+SUMIFS('Chemical Usage Log'!$F$3:$F$202,'Chemical Usage Log'!$C$3:$C$202,A12,'Chemical Usage Log'!$E$3:$E$202,"Received")-SUMIFS('Chemical Usage Log'!$F$3:$F$202,'Chemical Usage Log'!$C$3:$C$202,A12,'Chemical Usage Log'!$E$3:$E$202,"Used")-SUMIFS('Chemical Usage Log'!$F$3:$F$202,'Chemical Usage Log'!$C$3:$C$202,A12,'Chemical Usage Log'!$E$3:$E$202,"Disposed")+SUMIFS('Chemical Usage Log'!$F$3:$F$202,'Chemical Usage Log'!$C$3:$C$202,A12,'Chemical Usage Log'!$E$3:$E$202,"Adjusted")) | N12: =IF(M12="","",M12-TODAY()) | O12: =IF(J12="","",IF(J12<=0,"OUT OF STOCK",IF(J12<=K12,"LOW STOCK","OK"))) | P12: =IF(A12="","",IF(M12="","NO EXPIRY DATE",IF(M12<TODAY(),"EXPIRED",IF(M12-TODAY()<=30,"EXPIRING <=30 DAYS",IF(M12-TODAY()<=90,"EXPIRING <=90 DAYS","OK")))))
J13: =IF(A13="","",I13+SUMIFS('Chemical Usage Log'!$F$3:$F$202,'Chemical Usage Log'!$C$3:$C$202,A13,'Chemical Usage Log'!$E$3:$E$202,"Received")-SUMIFS('Chemical Usage Log'!$F$3:$F$202,'Chemical Usage Log'!$C$3:$C$202,A13,'Chemical Usage Log'!$E$3:$E$202,"Used")-SUMIFS('Chemical Usage Log'!$F$3:$F$202,'Chemical Usage Log'!$C$3:$C$202,A13,'Chemical Usage Log'!$E$3:$E$202,"Disposed")+SUMIFS('Chemical Usage Log'!$F$3:$F$202,'Chemical Usage Log'!$C$3:$C$202,A13,'Chemical Usage Log'!$E$3:$E$202,"Adjusted")) | N13: =IF(M13="","",M13-TODAY()) | O13: =IF(J13="","",IF(J13<=0,"OUT OF STOCK",IF(J13<=K13,"LOW STOCK","OK"))) | P13: =IF(A13="","",IF(M13="","NO EXPIRY DATE",IF(M13<TODAY(),"EXPIRED",IF(M13-TODAY()<=30,"EXPIRING <=30 DAYS",IF(M13-TODAY()<=90,"EXPIRING <=90 DAYS","OK")))))
J14: =IF(A14="","",I14+SUMIFS('Chemical Usage Log'!$F$3:$F$202,'Chemical Usage Log'!$C$3:$C$202,A14,'Chemical Usage Log'!$E$3:$E$202,"Received")-SUMIFS('Chemical Usage Log'!$F$3:$F$202,'Chemical Usage Log'!$C$3:$C$202,A14,'Chemical Usage Log'!$E$3:$E$202,"Used")-SUMIFS('Chemical Usage Log'!$F$3:$F$202,'Chemical Usage Log'!$C$3:$C$202,A14,'Chemical Usage Log'!$E$3:$E$202,"Disposed")+SUMIFS('Chemical Usage Log'!$F$3:$F$202,'Chemical Usage Log'!$C$3:$C$202,A14,'Chemical Usage Log'!$E$3:$E$202,"Adjusted")) | N14: =IF(M14="","",M14-TODAY()) | O14: =IF(J14="","",IF(J14<=0,"OUT OF STOCK",IF(J14<=K14,"LOW STOCK","OK"))) | P14: =IF(A14="","",IF(M14="","NO EXPIRY DATE",IF(M14<TODAY(),"EXPIRED",IF(M14-TODAY()<=30,"EXPIRING <=30 DAYS",IF(M14-TODAY()<=90,"EXPIRING <=90 DAYS","OK")))))
... J202: =IF(A202="","",I202+SUMIFS('Chemical Usage Log'!$F$3:$F$202,'Chemical Usage Log'!$C$3:$C$202,A202,'Chemical Usage Log'!$E$3:$E$202,"Received")-SUMIFS('Chemical Usage Log'!$F$3:$F$202,'Chemical Usage Log'!$C$3:$C$202,A202,'Chemical Usage Log'!$E$3:$E$202,"Used")-SUMIFS('Chemical Usage Log'!$F$3:$F$202,'Chemical Usage Log'!$C$3:$C$202,A202,'Chemical Usage Log'!$E$3:$E$202,"Disposed")+SUMIFS('Chemical Usage Log'!$F$3:$F$202,'Chemical Usage Log'!$C$3:$C$202,A202,'Chemical Usage Log'!$E$3:$E$202,"Adjusted")) | N202: =IF(M202="","",M202-TODAY()) | O202: =IF(J202="","",IF(J202<=0,"OUT OF STOCK",IF(J202<=K202,"LOW STOCK","OK"))) | P202: =IF(A202="","",IF(M202="","NO EXPIRY DATE",IF(M202<TODAY(),"EXPIRED",IF(M202-TODAY()<=30,"EXPIRING <=30 DAYS",IF(M202-TODAY()<=90,"EXPIRING <=90 DAYS","OK")))))

Sheet Chemical Usage Log
A1: Chemical Receipt / Usage / Disposal Log
A2: Transaction ID | B2: Date | C2: Chemical ID | D2: Chemical Name | E2: Movement Type | F2: Quantity | G2: Unit | H2: User | I2: Experiment / Purpose | J2: Reference / Waste Record | K2: Notes
D3: =IFERROR(VLOOKUP(C3,'Chemical Inventory'!$A$3:$T$202,2,FALSE),"") | G3: =IFERROR(VLOOKUP(C3,'Chemical Inventory'!$A$3:$T$202,8,FALSE),"")
D4: =IFERROR(VLOOKUP(C4,'Chemical Inventory'!$A$3:$T$202,2,FALSE),"") | G4: =IFERROR(VLOOKUP(C4,'Chemical Inventory'!$A$3:$T$202,8,FALSE),"")
D5: =IFERROR(VLOOKUP(C5,'Chemical Inventory'!$A$3:$T$202,2,FALSE),"") | G5: =IFERROR(VLOOKUP(C5,'Chemical Inventory'!$A$3:$T$202,8,FALSE),"")
D6: =IFERROR(VLOOKUP(C6,'Chemical Inventory'!$A$3:$T$202,2,FALSE),"") | G6: =IFERROR(VLOOKUP(C6,'Chemical Inventory'!$A$3:$T$202,8,FALSE),"")
D7: =IFERROR(VLOOKUP(C7,'Chemical Inventory'!$A$3:$T$202,2,FALSE),"") | G7: =IFERROR(VLOOKUP(C7,'Chemical Inventory'!$A$3:$T$202,8,FALSE),"")
D8: =IFERROR(VLOOKUP(C8,'Chemical Inventory'!$A$3:$T$202,2,FALSE),"") | G8: =IFERROR(VLOOKUP(C8,'Chemical Inventory'!$A$3:$T$202,8,FALSE),"")
D9: =IFERROR(VLOOKUP(C9,'Chemical Inventory'!$A$3:$T$202,2,FALSE),"") | G9: =IFERROR(VLOOKUP(C9,'Chemical Inventory'!$A$3:$T$202,8,FALSE),"")
D10: =IFERROR(VLOOKUP(C10,'Chemical Inventory'!$A$3:$T$202,2,FALSE),"") | G10: =IFERROR(VLOOKUP(C10,'Chemical Inventory'!$A$3:$T$202,8,FALSE),"")
D11: =IFERROR(VLOOKUP(C11,'Chemical Inventory'!$A$3:$T$202,2,FALSE),"") | G11: =IFERROR(VLOOKUP(C11,'Chemical Inventory'!$A$3:$T$202,8,FALSE),"")
D12: =IFERROR(VLOOKUP(C12,'Chemical Inventory'!$A$3:$T$202,2,FALSE),"") | G12: =IFERROR(VLOOKUP(C12,'Chemical Inventory'!$A$3:$T$202,8,FALSE),"")
D13: =IFERROR(VLOOKUP(C13,'Chemical Inventory'!$A$3:$T$202,2,FALSE),"") | G13: =IFERROR(VLOOKUP(C13,'Chemical Inventory'!$A$3:$T$202,8,FALSE),"")
D14: =IFERROR(VLOOKUP(C14,'Chemical Inventory'!$A$3:$T$202,2,FALSE),"") | G14: =IFERROR(VLOOKUP(C14,'Chemical Inventory'!$A$3:$T$202,8,FALSE),"")
... D202: =IFERROR(VLOOKUP(C202,'Chemical Inventory'!$A$3:$T$202,2,FALSE),"") | G202: =IFERROR(VLOOKUP(C202,'Chemical Inventory'!$A$3:$T$202,8,FALSE),"")

Sheet Instrument Inventory
A1: Instrument Inventory Management
A2: Instrument ID | B2: Instrument Name | C2: Category | D2: Manufacturer | E2: Model | F2: Serial No. | G2: Location | H2: Responsible Person | I2: Purchase Date | J2: Status | K2: Booking Required | L2: Calibration Required | M2: Calibration Interval (Months) | N2: Last Calibration | O2: Next Calibration | P2: Maintenance Interval (Months) | Q2: Last Maintenance | R2: Next Maintenance | S2: Work Instruction ID / Link | T2: Electrical Supply | U2: Notes
O3: =IF(OR(N3="",M3=""),"",DATE(YEAR(N3),MONTH(N3)+M3,DAY(N3))) | R3: =IF(OR(Q3="",P3=""),"",DATE(YEAR(Q3),MONTH(Q3)+P3,DAY(Q3)))
O4: =IF(OR(N4="",M4=""),"",DATE(YEAR(N4),MONTH(N4)+M4,DAY(N4))) | R4: =IF(OR(Q4="",P4=""),"",DATE(YEAR(Q4),MONTH(Q4)+P4,DAY(Q4)))
O5: =IF(OR(N5="",M5=""),"",DATE(YEAR(N5),MONTH(N5)+M5,DAY(N5))) | R5: =IF(OR(Q5="",P5=""),"",DATE(YEAR(Q5),MONTH(Q5)+P5,DAY(Q5)))
O6: =IF(OR(N6="",M6=""),"",DATE(YEAR(N6),MONTH(N6)+M6,DAY(N6))) | R6: =IF(OR(Q6="",P6=""),"",DATE(YEAR(Q6),MONTH(Q6)+P6,DAY(Q6)))
O7: =IF(OR(N7="",M7=""),"",DATE(YEAR(N7),MONTH(N7)+M7,DAY(N7))) | R7: =IF(OR(Q7="",P7=""),"",DATE(YEAR(Q7),MONTH(Q7)+P7,DAY(Q7)))
O8: =IF(OR(N8="",M8=""),"",DATE(YEAR(N8),MONTH(N8)+M8,DAY(N8))) | R8: =IF(OR(Q8="",P8=""),"",DATE(YEAR(Q8),MONTH(Q8)+P8,DAY(Q8)))
O9: =IF(OR(N9="",M9=""),"",DATE(YEAR(N9),MONTH(N9)+M9,DAY(N9))) | R9: =IF(OR(Q9="",P9=""),"",DATE(YEAR(Q9),MONTH(Q9)+P9,DAY(Q9)))
O10: =IF(OR(N10="",M10=""),"",DATE(YEAR(N10),MONTH(N10)+M10,DAY(N10))) | R10: =IF(OR(Q10="",P10=""),"",DATE(YEAR(Q10),MONTH(Q10)+P10,DAY(Q10)))
O11: =IF(OR(N11="",M11=""),"",DATE(YEAR(N11),MONTH(N11)+M11,DAY(N11))) | R11: =IF(OR(Q11="",P11=""),"",DATE(YEAR(Q11),MONTH(Q11)+P11,DAY(Q11)))
O12: =IF(OR(N12="",M12=""),"",DATE(YEAR(N12),MONTH(N12)+M12,DAY(N12))) | R12: =IF(OR(Q12="",P12=""),"",DATE(YEAR(Q12),MONTH(Q12)+P12,DAY(Q12)))
O13: =IF(OR(N13="",M13=""),"",DATE(YEAR(N13),MONTH(N13)+M13,DAY(N13))) | R13: =IF(OR(Q13="",P13=""),"",DATE(YEAR(Q13),MONTH(Q13)+P13,DAY(Q13)))
O14: =IF(OR(N14="",M14=""),"",DATE(YEAR(N14),MONTH(N14)+M14,DAY(N14))) | R14: =IF(OR(Q14="",P14=""),"",DATE(YEAR(Q14),MONTH(Q14)+P14,DAY(Q14)))
... O202: =IF(OR(N202="",M202=""),"",DATE(YEAR(N202),MONTH(N202)+M202,DAY(N202))) | R202: =IF(OR(Q202="",P202=""),"",DATE(YEAR(Q202),MONTH(Q202)+P202,DAY(Q202)))

Sheet Maintenance Log
A1: Instrument Maintenance / Calibration Log
A2: Record ID | B2: Date | C2: Instrument ID | D2: Instrument Name | E2: Activity Type | F2: Performed By | G2: Service Provider | H2: Finding / Problem | I2: Action Taken | J2: Parts Replaced | K2: Next Due Date | L2: Instrument Status After Service | M2: Notes
D3: =IFERROR(VLOOKUP(C3,'Instrument Inventory'!$A$3:$U$202,2,FALSE),"")
D4: =IFERROR(VLOOKUP(C4,'Instrument Inventory'!$A$3:$U$202,2,FALSE),"")
D5: =IFERROR(VLOOKUP(C5,'Instrument Inventory'!$A$3:$U$202,2,FALSE),"")
D6: =IFERROR(VLOOKUP(C6,'Instrument Inventory'!$A$3:$U$202,2,FALSE),"")
D7: =IFERROR(VLOOKUP(C7,'Instrument Inventory'!$A$3:$U$202,2,FALSE),"")
D8: =IFERROR(VLOOKUP(C8,'Instrument Inventory'!$A$3:$U$202,2,FALSE),"")
D9: =IFERROR(VLOOKUP(C9,'Instrument Inventory'!$A$3:$U$202,2,FALSE),"")
D10: =IFERROR(VLOOKUP(C10,'Instrument Inventory'!$A$3:$U$202,2,FALSE),"")
D11: =IFERROR(VLOOKUP(C11,'Instrument Inventory'!$A$3:$U$202,2,FALSE),"")
D12: =IFERROR(VLOOKUP(C12,'Instrument Inventory'!$A$3:$U$202,2,FALSE),"")
D13: =IFERROR(VLOOKUP(C13,'Instrument Inventory'!$A$3:$U$202,2,FALSE),"")
D14: =IFERROR(VLOOKUP(C14,'Instrument Inventory'!$A$3:$U$202,2,FALSE),"")
... D202: =IFERROR(VLOOKUP(C202,'Instrument Inventory'!$A$3:$U$202,2,FALSE),"")

Sheet Lab Booking
A1: Laboratory & Instrument Booking Schedule
A2: Booking ID | B2: Date | C2: Start Time | D2: End Time | E2: Member Name | F2: Purpose / Experiment | G2: Instrument ID | H2: Instrument Name | I2: Instrument Status | J2: Approval Status | K2: Conflict Check | L2: Notes
H3: =IFERROR(VLOOKUP(G3,'Instrument Inventory'!$A$3:$U$202,2,FALSE),"") | I3: =IFERROR(VLOOKUP(G3,'Instrument Inventory'!$A$3:$U$202,10,FALSE),"") | K3: =IF(OR(B3="",C3="",D3="",G3=""),"",IF(COUNTIFS($B$3:$B$202,B3,$G$3:$G$202,G3,$C$3:$C$202,"<"&D3,$D$3:$D$202,">"&C3)>1,"CONFLICT","OK"))
H4: =IFERROR(VLOOKUP(G4,'Instrument Inventory'!$A$3:$U$202,2,FALSE),"") | I4: =IFERROR(VLOOKUP(G4,'Instrument Inventory'!$A$3:$U$202,10,FALSE),"") | K4: =IF(OR(B4="",C4="",D4="",G4=""),"",IF(COUNTIFS($B$3:$B$202,B4,$G$3:$G$202,G4,$C$3:$C$202,"<"&D4,$D$3:$D$202,">"&C4)>1,"CONFLICT","OK"))
H5: =IFERROR(VLOOKUP(G5,'Instrument Inventory'!$A$3:$U$202,2,FALSE),"") | I5: =IFERROR(VLOOKUP(G5,'Instrument Inventory'!$A$3:$U$202,10,FALSE),"") | K5: =IF(OR(B5="",C5="",D5="",G5=""),"",IF(COUNTIFS($B$3:$B$202,B5,$G$3:$G$202,G5,$C$3:$C$202,"<"&D5,$D$3:$D$202,">"&C5)>1,"CONFLICT","OK"))
H6: =IFERROR(VLOOKUP(G6,'Instrument Inventory'!$A$3:$U$202,2,FALSE),"") | I6: =IFERROR(VLOOKUP(G6,'Instrument Inventory'!$A$3:$U$202,10,FALSE),"") | K6: =IF(OR(B6="",C6="",D6="",G6=""),"",IF(COUNTIFS($B$3:$B$202,B6,$G$3:$G$202,G6,$C$3:$C$202,"<"&D6,$D$3:$D$202,">"&C6)>1,"CONFLICT","OK"))
H7: =IFERROR(VLOOKUP(G7,'Instrument Inventory'!$A$3:$U$202,2,FALSE),"") | I7: =IFERROR(VLOOKUP(G7,'Instrument Inventory'!$A$3:$U$202,10,FALSE),"") | K7: =IF(OR(B7="",C7="",D7="",G7=""),"",IF(COUNTIFS($B$3:$B$202,B7,$G$3:$G$202,G7,$C$3:$C$202,"<"&D7,$D$3:$D$202,">"&C7)>1,"CONFLICT","OK"))
H8: =IFERROR(VLOOKUP(G8,'Instrument Inventory'!$A$3:$U$202,2,FALSE),"") | I8: =IFERROR(VLOOKUP(G8,'Instrument Inventory'!$A$3:$U$202,10,FALSE),"") | K8: =IF(OR(B8="",C8="",D8="",G8=""),"",IF(COUNTIFS($B$3:$B$202,B8,$G$3:$G$202,G8,$C$3:$C$202,"<"&D8,$D$3:$D$202,">"&C8)>1,"CONFLICT","OK"))
H9: =IFERROR(VLOOKUP(G9,'Instrument Inventory'!$A$3:$U$202,2,FALSE),"") | I9: =IFERROR(VLOOKUP(G9,'Instrument Inventory'!$A$3:$U$202,10,FALSE),"") | K9: =IF(OR(B9="",C9="",D9="",G9=""),"",IF(COUNTIFS($B$3:$B$202,B9,$G$3:$G$202,G9,$C$3:$C$202,"<"&D9,$D$3:$D$202,">"&C9)>1,"CONFLICT","OK"))
H10: =IFERROR(VLOOKUP(G10,'Instrument Inventory'!$A$3:$U$202,2,FALSE),"") | I10: =IFERROR(VLOOKUP(G10,'Instrument Inventory'!$A$3:$U$202,10,FALSE),"") | K10: =IF(OR(B10="",C10="",D10="",G10=""),"",IF(COUNTIFS($B$3:$B$202,B10,$G$3:$G$202,G10,$C$3:$C$202,"<"&D10,$D$3:$D$202,">"&C10)>1,"CONFLICT","OK"))
H11: =IFERROR(VLOOKUP(G11,'Instrument Inventory'!$A$3:$U$202,2,FALSE),"") | I11: =IFERROR(VLOOKUP(G11,'Instrument Inventory'!$A$3:$U$202,10,FALSE),"") | K11: =IF(OR(B11="",C11="",D11="",G11=""),"",IF(COUNTIFS($B$3:$B$202,B11,$G$3:$G$202,G11,$C$3:$C$202,"<"&D11,$D$3:$D$202,">"&C11)>1,"CONFLICT","OK"))
H12: =IFERROR(VLOOKUP(G12,'Instrument Inventory'!$A$3:$U$202,2,FALSE),"") | I12: =IFERROR(VLOOKUP(G12,'Instrument Inventory'!$A$3:$U$202,10,FALSE),"") | K12: =IF(OR(B12="",C12="",D12="",G12=""),"",IF(COUNTIFS($B$3:$B$202,B12,$G$3:$G$202,G12,$C$3:$C$202,"<"&D12,$D$3:$D$202,">"&C12)>1,"CONFLICT","OK"))
H13: =IFERROR(VLOOKUP(G13,'Instrument Inventory'!$A$3:$U$202,2,FALSE),"") | I13: =IFERROR(VLOOKUP(G13,'Instrument Inventory'!$A$3:$U$202,10,FALSE),"") | K13: =IF(OR(B13="",C13="",D13="",G13=""),"",IF(COUNTIFS($B$3:$B$202,B13,$G$3:$G$202,G13,$C$3:$C$202,"<"&D13,$D$3:$D$202,">"&C13)>1,"CONFLICT","OK"))
H14: =IFERROR(VLOOKUP(G14,'Instrument Inventory'!$A$3:$U$202,2,FALSE),"") | I14: =IFERROR(VLOOKUP(G14,'Instrument Inventory'!$A$3:$U$202,10,FALSE),"") | K14: =IF(OR(B14="",C14="",D14="",G14=""),"",IF(COUNTIFS($B$3:$B$202,B14,$G$3:$G$202,G14,$C$3:$C$202,"<"&D14,$D$3:$D$202,">"&C14)>1,"CONFLICT","OK"))
... H202: =IFERROR(VLOOKUP(G202,'Instrument Inventory'!$A$3:$U$202,2,FALSE),"") | I202: =IFERROR(VLOOKUP(G202,'Instrument Inventory'!$A$3:$U$202,10,FALSE),"") | K202: =IF(OR(B202="",C202="",D202="",G202=""),"",IF(COUNTIFS($B$3:$B$202,B202,$G$3:$G$202,G202,$C$3:$C$202,"<"&D202,$D$3:$D$202,">"&C202)>1,"CONFLICT","OK"))

Sheet Weekly Planner
A1: Weekly Laboratory Booking Planner (Visual View)
A2: Time | B2: Monday | C2: Tuesday | D2: Wednesday | E2: Thursday | F2: Friday | G2: Saturday | H2: Sunday
A3: 08:00-09:00
A4: 09:00-10:00
A5: 10:00-11:00
A6: 11:00-12:00
A7: 12:00-13:00
A8: 13:00-14:00
A9: 14:00-15:00
A10: 15:00-16:00
A11: 16:00-17:00
A12: 17:00-18:00
A14: Use of this visual planner
A15: Enter Booking ID / Instrument ID in the appropriate time block for an at-a-glance weekly view. The authoritative booking record remains the Lab Booking sheet. Update this planner after approval.

Sheet Lists
A1: Laboratory of Applied Nanomaterial - Management Lists
A3: Chemical Unit | B3: Hazard Class | C3: Yes/No | D3: Instrument Status | E3: Booking Approval | F3: Chemical Movement | G3: Instrument Category | H3: User Role
A4: mg | B4: Flammable | C4: Yes | D4: Operational | E4: Requested | F4: Received | G4: Spectroscopy | H4: Lab Manager
A5: g | B5: Corrosive | C5: No | D5: Reserved for Maintenance | E5: Approved | F5: Used | G5: Microscopy | H5: Researcher
A6: kg | B6: Toxic | D6: Under Maintenance | E6: Rejected | F6: Disposed | G6: Synthesis | H6: Technician
A7: uL | B7: Oxidizer | D7: Out of Service | E7: Cancelled | F7: Adjusted | G7: Thermal Analysis | H7: Student
A8: mL | B8: Reactive | D8: Calibration Due | G8: Electrical/Electronic | H8: Visitor
A9: L | B9: Compressed Gas | D9: Decommissioned | G9: Sample Preparation
A10: pcs | B10: Environmental Hazard | G10: Vacuum
B11: Irritant/Harmful | G11: General Lab
B12: Other | G12: Other

Sheet Read Me
A1: Laboratory of Applied Nanomaterial - Management Workbook
A3: Purpose
A4: This workbook supports chemical inventory, instrument inventory, maintenance/calibration tracking, and laboratory/instrument booking.
A6: Recommended workflow
A7: 1. Assign unique IDs such as CHEM-001, INST-001, BOOK-001, and MAIN-001.
A8: 2. Add each chemical to Chemical Inventory and record receipts, usage, disposal, and adjustments in Chemical Usage Log.
A9: 3. Add each instrument to Instrument Inventory and link its Work Instruction ID or file location.
A10: 4. Record calibration, maintenance, repair, and inspection activities in Maintenance Log.
A11: 5. Members submit bookings in Lab Booking. Check instrument status and conflict warnings before approval.
A12: 6. Use Dashboard during routine lab-management review.
A14: Important
A15: This workbook is a management aid. Chemical compatibility, SDS requirements, institutional rules, local regulations, waste procedures, and instrument-specific safety requirements must still be followed.
A18: Chemical stock logic: enter the quantity physically present when the chemical is first registered in Initial Qty. After that, record receipts, usage, disposal, and signed adjustments in Chemical Usage Log; Current Qty is calculated automatically.
